<?xml version="1.0"?>
<manifest>
  <main label="Vehicle_Event_Recording" version="2021.2" id="60dec5700624af002aaf9d27" packageId="f5c1a020-93bd-4448-a9c1-168e85e53531" osId="5e81c3132ed228002ae08bc7"/>
  <default path="installation/common" esb_install="true" label="esb_common" id="5e8c4742e02f17002a2a6976"/>
  <project path="installation/src" id="5f21392e9e63c9002a6fd88d" version="20.10.5" label="Docker_Community_Edition_CE" esb_install="true"/>
  <project path="installation/src" id="5f213aae9e63c9002a6fd88e" version="1.24.0" label="Docker_Compose" esb_install="true"/>
  <project path="installation/src" id="61165593bd4d13002b6ba4c3" version="2.4.2" label="EIICleaner" esb_install="true"/>
  <project path="installation/src" id="60891e1187b610002a2c3494" version="2.4.2" label="IEdgeInsights"/>
  <project path="installation/src" id="5facd83398a1ef002af292d3" version="2.4" label="IEdgeInsights/Samples"/>
  <project path="installation/src" id="60891e4187b610002a2c3497" version="2.4.2" label="Docs"/>
  <project path="installation/src" id="6063151fc87a44002ad89c9f" version="2.4.1" label="IEdgeInsights/common/video"/>
  <project path="installation/src" id="606314b1c87a44002ad89c9b" version="2.4.1" label="IEdgeInsights/VideoAnalytics"/>
  <project path="installation/src" id="606313efc87a44002ad89c95" version="2.4.1" label="IEdgeInsights/VideoIngestion"/>
  <project path="installation/src" id="60631358c87a44002ad89c90" version="2.4.1" label="IEdgeInsights/Visualizer"/>
  <project path="installation/src" id="606312e3c87a44002ad89c89" version="2.4.1" label="IEdgeInsights/WebVisualizer"/>
  <project path="installation/src" id="60632f3cc87a44002ad89d20" version="2.4.1" label="IEdgeInsights/ImageStore"/>
  <project path="installation/src" id="5facd92998a1ef002af292e1" version="2.4" label="IEdgeInsights/TLSRemoteAgent"/>
  <project path="installation/src" id="606311b9c87a44002ad89c79" version="2.4.1" label="IEdgeInsights/CustomUdfs"/>
  <project path="installation/src" id="60631474c87a44002ad89c98" version="2.4.1" label="IEdgeInsights/InfluxDBConnector"/>
  <project path="installation/src" id="60632966c87a44002ad89d03" version="2.4.1" label="IEdgeInsights/FactoryControlApp"/>
  <project path="installation/src" id="606304dfc87a44002ad89c56" version="2.4.1" label="IEdgeInsights/OpcuaExport"/>
  <project path="installation/src" id="6063044bc87a44002ad89c55" version="2.4.1" label="IEdgeInsights/RestDataExport"/>
  <project path="installation/src" id="5facdc3c98a1ef002af292f3" version="2.4" label="IEdgeInsights/EISAzureBridge"/>
  <project path="installation/src" id="60630337c87a44002ad89c52" version="2.4.1" label="IEdgeInsights/tools"/>
  <project path="installation/src" id="5face41098a1ef002af292fd" version="2.4" label="eii_installer" esb_install="true"/>
  <project path="installation/src" id="60db2b9e4472c4002a91d30f" version="2.0.0" label="Edge_Insights_for_Fleet"/>
  <project path="installation/src" id="60dec0df4c1e9d002a6d6a0b" version="2.0.0" label="Vehicle_Event_Recording" esb_install="true"/>
</manifest>